Algorithm,Dataset,k,Median (s),Mean (s),Std Dev (s),Min (s),Max (s),P95 (s),CV (%),Result,Raw Runtimes
Brute Force (C++),dry-portals.txt,1,0.000682,0.000664,0.000059,0.000512,0.000725,0.000723,8.96,"(-inf, set())","[0.0006739, 0.0006736, 0.0006264, 0.0007176, 0.0007224, 0.0007085, 0.0007225, 0.0007252, 0.0005966, 0.0005515, 0.0006659, 0.0005907, 0.0005123, 0.0006923, 0.0006901, 0.0006919, 0.0007037, 0.0006618, 0.0006903, 0.0006592]"
Important Separators (C++),dry-portals.txt,1,0.002400,0.002309,0.000481,0.001681,0.003112,0.003035,20.83,"(-inf, set())","[0.0027826, 0.0025239, 0.0030312, 0.0025614, 0.0022765, 0.0027096, 0.0020184, 0.0020012, 0.0025474, 0.0016808, 0.0019013, 0.0017097, 0.0018022, 0.0018057, 0.0018859, 0.0017015, 0.0028573, 0.0025651, 0.0031117, 0.0026996]"
Important Separators (C++),dry-portals.txt,2,0.002007,0.002160,0.000446,0.001686,0.003121,0.002953,20.63,"(-inf, set())","[0.0024748, 0.0027134, 0.0019288, 0.0023455, 0.001689, 0.0031214, 0.0024465, 0.0016859, 0.002944, 0.0020061, 0.0024621, 0.0017871, 0.0017454, 0.0020086, 0.0021611, 0.0017744, 0.0025577, 0.0018998, 0.0017567, 0.0016862]"
Important Separators (C++),dry-portals.txt,3,0.001777,0.002161,0.000560,0.001664,0.003106,0.003089,25.92,"(-inf, set())","[0.0016737, 0.0029845, 0.0024552, 0.0029646, 0.001728, 0.0017021, 0.0016639, 0.0016787, 0.001726, 0.0021758, 0.0025462, 0.0017847, 0.0017502, 0.0028262, 0.0022199, 0.001769, 0.0016866, 0.0016984, 0.0031056, 0.0030877]"
Brute Force (C++),dry-portals.txt,5,0.000000,0.000000,0.000000,0.000000,0.000000,0.000000,0.00,"ERROR: RuntimeError: Brute force C++ too expensive: k=5 exceeds the empirically measured max k=4 (nodes=109, edges=472, removable=95) that completes within 210s.",[]
Brute Force (C++),dry-portals.txt,2,0.014777,0.015225,0.001986,0.012279,0.018065,0.017771,13.04,"(-inf, set())","[0.0149672, 0.0177557, 0.015843, 0.0141264, 0.0136482, 0.0160309, 0.017598, 0.0143137, 0.0138578, 0.0128478, 0.0122791, 0.017618, 0.0125524, 0.0169439, 0.0169732, 0.0180647, 0.0145873, 0.01279, 0.013986, 0.0177255]"
Brute Force (C++),dry-portals.txt,6,0.000000,0.000000,0.000000,0.000000,0.000000,0.000000,0.00,"ERROR: RuntimeError: Brute force C++ too expensive: k=6 exceeds the empirically measured max k=4 (nodes=109, edges=472, removable=95) that completes within 210s.",[]
MILP (OR-Tools),dry-portals.txt,1,0.017165,0.017118,0.002881,0.012452,0.020569,0.020554,16.83,"(-inf, set())","[0.0173433, 0.0205689, 0.020368, 0.0169858, 0.0156363, 0.0136147, 0.0140675, 0.0133117, 0.0124524, 0.0201442, 0.0205537, 0.0174666, 0.0129878, 0.0188636, 0.0167257, 0.0157355, 0.019524, 0.0205121, 0.0203728, 0.0151188]"
Important Separators (C++),dry-portals.txt,4,0.013945,0.015706,0.003885,0.011574,0.022222,0.021422,24.73,"(1, {42, 66, 53, 55})","[0.0202963, 0.0135532, 0.0144813, 0.0140071, 0.0222225, 0.0125864, 0.0211736, 0.0194728, 0.0120193, 0.0115738, 0.0138823, 0.0127478, 0.019648, 0.0132416, 0.0131498, 0.0147735, 0.0213794, 0.0205809, 0.0115929, 0.011738]"
Brute Force (C++),dry-portals.txt,7,0.000000,0.000000,0.000000,0.000000,0.000000,0.000000,0.00,"ERROR: RuntimeError: Brute force C++ too expensive: k=7 exceeds the empirically measured max k=4 (nodes=109, edges=472, removable=95) that completes within 210s.",[]
Important Separators (C++),dry-portals.txt,5,0.013528,0.014327,0.002426,0.011754,0.018659,0.018630,16.94,"(1, {42, 66, 53, 55})","[0.0165038, 0.0125557, 0.0125674, 0.0117536, 0.0123709, 0.0137177, 0.0119, 0.0178598, 0.0142854, 0.0186587, 0.0169165, 0.0145742, 0.0132392, 0.0139288, 0.0133392, 0.0119174, 0.0186289, 0.0119348, 0.0174978, 0.0123874]"
MILP (OR-Tools),dry-portals.txt,2,0.019164,0.019703,0.003254,0.015685,0.025726,0.025542,16.52,"(-inf, set())","[0.0192792, 0.0211052, 0.0228909, 0.0235452, 0.0179687, 0.0158558, 0.0156846, 0.0198643, 0.0173968, 0.0199865, 0.019048, 0.0185654, 0.0165093, 0.0160634, 0.0181931, 0.0164581, 0.0195335, 0.025726, 0.025532, 0.0248473]"
Brute Force (C++),dry-portals.txt,8,0.000000,0.000000,0.000000,0.000000,0.000000,0.000000,0.00,"ERROR: RuntimeError: Brute force C++ too expensive: k=8 exceeds the empirically measured max k=4 (nodes=109, edges=472, removable=95) that completes within 210s.",[]
MILP (OR-Tools),dry-portals.txt,3,0.025361,0.026017,0.004141,0.020373,0.034276,0.033262,15.92,"(-inf, set())","[0.0248669, 0.0272762, 0.0314554, 0.0259868, 0.0214416, 0.0233569, 0.0214859, 0.0219881, 0.0235725, 0.0283949, 0.0281414, 0.0307147, 0.0254823, 0.0342761, 0.0332088, 0.0252398, 0.0209079, 0.0203728, 0.0284927, 0.0236819]"
MILP (OR-Tools),dry-portals.txt,5,0.039493,0.039841,0.005626,0.032007,0.049369,0.048597,14.12,"(1, {42, 66, 53, 55})","[0.0346505, 0.0432256, 0.0399693, 0.0340808, 0.0444965, 0.0393406, 0.0377063, 0.0321467, 0.0320072, 0.0323491, 0.0396456, 0.0374384, 0.0493692, 0.0485565, 0.0420647, 0.0357953, 0.0361955, 0.0476512, 0.0464756, 0.0436542]"
Brute Force (C++),dry-portals.txt,9,0.000000,0.000000,0.000000,0.000000,0.000000,0.000000,0.00,"ERROR: RuntimeError: Brute force C++ too expensive: k=9 exceeds the empirically measured max k=4 (nodes=109, edges=472, removable=95) that completes within 210s.",[]
MILP (OR-Tools),dry-portals.txt,4,0.041846,0.042667,0.004734,0.034819,0.050173,0.049523,11.10,"(1, {42, 66, 53, 55})","[0.0489315, 0.0451664, 0.0480293, 0.0387269, 0.0423392, 0.0405342, 0.0494887, 0.0370383, 0.0410502, 0.042911, 0.0348192, 0.0356093, 0.0391162, 0.0501725, 0.0413526, 0.0406621, 0.0391348, 0.0479605, 0.047555, 0.0427348]"
Important Separators (C++),dry-portals.txt,6,0.082233,0.081340,0.009517,0.064122,0.097745,0.095761,11.70,"(2, {65, 67, 53, 55, 42, 78})","[0.0754191, 0.0708586, 0.0641222, 0.0977448, 0.0956568, 0.0900625, 0.082212, 0.0861741, 0.082248, 0.0892443, 0.0892061, 0.079096, 0.0702443, 0.0847927, 0.0822174, 0.0875908, 0.0714549, 0.0653179, 0.0767984, 0.0863355]"
Brute Force (C++),dry-portals.txt,10,0.000000,0.000000,0.000000,0.000000,0.000000,0.000000,0.00,"ERROR: RuntimeError: Brute force C++ too expensive: k=10 exceeds the empirically measured max k=4 (nodes=109, edges=472, removable=95) that completes within 210s.",[]
Important Separators (C++),dry-portals.txt,7,0.139963,0.139163,0.014124,0.116164,0.167691,0.159175,10.15,"(3, {64, 67, 53, 55, 42, 77, 78})","[0.1435983, 0.1539431, 0.1408067, 0.1403176, 0.1438655, 0.1376979, 0.167691, 0.1396093, 0.1348889, 0.1587266, 0.1189968, 0.1161635, 0.1490294, 0.1488872, 0.1206235, 0.1396, 0.1522219, 0.1296562, 0.129938, 0.1170018]"
Important Separators (C++),dry-portals.txt,8,0.245826,0.245012,0.016074,0.218791,0.272193,0.265610,6.56,"(5, {65, 67, 41, 43, 78, 52, 56, 30})","[0.2221853, 0.2652636, 0.2265956, 0.2349177, 0.2616724, 0.2460375, 0.272193, 0.245614, 0.240584, 0.2232963, 0.2646909, 0.2222768, 0.2547055, 0.2530433, 0.2487883, 0.260983, 0.2451622, 0.2455937, 0.2187907, 0.2478413]"
Brute Force (C++),dry-portals.txt,11,0.000000,0.000000,0.000000,0.000000,0.000000,0.000000,0.00,"ERROR: RuntimeError: Brute force C++ too expensive: k=11 exceeds the empirically measured max k=4 (nodes=109, edges=472, removable=95) that completes within 210s.",[]
Brute Force (C++),dry-portals.txt,3,0.504942,0.502580,0.011558,0.484553,0.517367,0.516490,2.30,"(-inf, set())","[0.4951064, 0.5070325, 0.502851, 0.4845532, 0.4989142, 0.5100903, 0.5154178, 0.5173672, 0.5092949, 0.4851678]"
MILP (OR-Tools),dry-portals.txt,6,0.339738,0.343362,0.011701,0.325449,0.367194,0.366363,3.41,"(2, {66, 41, 43, 53, 55, 30})","[0.3367576, 0.3603621, 0.3671944, 0.3396946, 0.3397819, 0.3391438, 0.3392721, 0.3401676, 0.3615264, 0.3663192, 0.336342, 0.3343377, 0.3333281, 0.3254494, 0.3331488, 0.3365972, 0.3401421, 0.3480281, 0.3489478, 0.3406978]"
Brute Force (C++),dry-portals.txt,12,0.000000,0.000000,0.000000,0.000000,0.000000,0.000000,0.00,"ERROR: RuntimeError: Brute force C++ too expensive: k=12 exceeds the empirically measured max k=4 (nodes=109, edges=472, removable=95) that completes within 210s.",[]
Important Separators (C++),dry-portals.txt,9,0.352913,0.345881,0.021101,0.310412,0.374418,0.370748,6.10,"(6, {64, 67, 41, 43, 77, 78, 52, 56, 30})","[0.3649707, 0.3241636, 0.3318896, 0.3104119, 0.3322772, 0.3672376, 0.3557726, 0.374418, 0.3537958, 0.3704948, 0.3188958, 0.3358411, 0.3339353, 0.37014, 0.3554515, 0.3520296, 0.3256452, 0.3125195, 0.3705544, 0.3571737]"
MILP (OR-Tools),dry-portals.txt,10,0.444955,0.440828,0.010026,0.423235,0.453745,0.452189,2.27,"(7, {64, 67, 41, 43, 77, 79, 52, 56, 90, 30})","[0.4330597, 0.4451582, 0.4447514, 0.4326431, 0.4311124, 0.4232349, 0.4484008, 0.4537451, 0.4502862, 0.4458833]"
Brute Force (C++),dry-portals.txt,13,0.000000,0.000000,0.000000,0.000000,0.000000,0.000000,0.00,"ERROR: RuntimeError: Brute force C++ too expensive: k=13 exceeds the empirically measured max k=4 (nodes=109, edges=472, removable=95) that completes within 210s.",[]
MILP (OR-Tools),dry-portals.txt,8,0.392779,0.391738,0.017513,0.359494,0.426475,0.415069,4.47,"(5, {65, 67, 41, 43, 78, 52, 56, 30})","[0.3635541, 0.4004621, 0.3731615, 0.4144683, 0.3594941, 0.3782791, 0.4051953, 0.4134823, 0.3932506, 0.4264749, 0.3818013, 0.3775413, 0.3910949, 0.3973248, 0.4073416, 0.3923069, 0.3773383, 0.3949265, 0.383362, 0.4039011]"
MILP (OR-Tools),dry-portals.txt,9,0.485618,0.485013,0.026096,0.439299,0.540859,0.518415,5.38,"(6, {64, 67, 41, 43, 77, 78, 52, 56, 30})","[0.4674962, 0.5086004, 0.4810287, 0.5172333, 0.5127032, 0.4969326, 0.4392988, 0.5082771, 0.4972653, 0.540859, 0.5050739, 0.491369, 0.4902074, 0.4696171, 0.4596025, 0.4501713, 0.4726282, 0.473618, 0.4626672, 0.4556117]"
Brute Force (C++),dry-portals.txt,14,0.000000,0.000000,0.000000,0.000000,0.000000,0.000000,0.00,"ERROR: RuntimeError: Brute force C++ too expensive: k=14 exceeds the empirically measured max k=4 (nodes=109, edges=472, removable=95) that completes within 210s.",[]
Important Separators (C++),dry-portals.txt,10,0.490759,0.491437,0.024926,0.441366,0.542467,0.541088,5.07,"(7, {64, 67, 41, 43, 77, 79, 52, 56, 90, 30})","[0.4413664, 0.4961822, 0.5220278, 0.4726572, 0.5410159, 0.5072944, 0.4699787, 0.4868195, 0.4939091, 0.4987936, 0.4918024, 0.4931672, 0.4717502, 0.4897158, 0.4792474, 0.5075805, 0.4576575, 0.5424668, 0.4786117, 0.4866867]"
MILP (OR-Tools),dry-portals.txt,7,0.585706,0.586576,0.027007,0.541271,0.635732,0.627121,4.60,"(3, {66, 67, 41, 43, 53, 56, 30})","[0.6266678, 0.5820382, 0.6018423, 0.5845566, 0.607762, 0.6066884, 0.5412709, 0.5552423, 0.6111708, 0.5868546, 0.5596905, 0.5770413, 0.6357318, 0.6256195, 0.5624176, 0.5671859, 0.5753867, 0.5868843, 0.5461033, 0.5913693]"
Brute Force (C++),dry-portals.txt,15,0.000000,0.000000,0.000000,0.000000,0.000000,0.000000,0.00,"ERROR: RuntimeError: Brute force C++ too expensive: k=15 exceeds the empirically measured max k=4 (nodes=109, edges=472, removable=95) that completes within 210s.",[]
MILP (OR-Tools),dry-portals.txt,12,0.245994,0.247147,0.011093,0.228653,0.264360,0.263953,4.49,"(13, {34, 66, 67, 7, 9, 41, 45, 18, 53, 22, 56, 29})","[0.2320949, 0.2616093, 0.2639318, 0.2499794, 0.2522042, 0.2421749, 0.2643596, 0.2286529, 0.2468941, 0.2428413, 0.2565613, 0.2511613, 0.2387173, 0.2614376, 0.2556042, 0.2390129, 0.2450947, 0.2433561, 0.2322715, 0.2349873]"
MILP (OR-Tools),dry-portals.txt,15,0.279737,0.281965,0.019487,0.241343,0.321092,0.320009,6.91,"(19, {66, 35, 67, 69, 7, 9, 10, 11, 41, 47, 18, 53, 56, 58, 29})","[0.2413433, 0.2620888, 0.3210921, 0.2639877, 0.2602243, 0.275666, 0.2830817, 0.2819827, 0.3054503, 0.2727076, 0.3199517, 0.2914902, 0.2961255, 0.2955755, 0.2817268, 0.2765154, 0.2724337, 0.2777476, 0.2871149, 0.2729918]"
Brute Force (C++),horse_arcs_170.txt,1,0.010572,0.010299,0.001345,0.008489,0.011960,0.011846,13.06,"(1, {201})","[0.0099577, 0.0085864, 0.0115391, 0.0111854, 0.0114451, 0.0117489, 0.0118399, 0.0119598, 0.0095577, 0.0090839, 0.0094036, 0.0087196, 0.0112783, 0.0116003, 0.0115737, 0.0114124, 0.0089376, 0.0085282, 0.0091288, 0.0084889]"
Important Separators (C++),horse_arcs_170.txt,1,0.023541,0.022371,0.004168,0.014748,0.026873,0.026673,18.63,"(1, {201})","[0.0250179, 0.0255386, 0.0223262, 0.0170218, 0.0167851, 0.0235167, 0.0208073, 0.0181847, 0.0266087, 0.0178918, 0.0155281, 0.0147475, 0.0258038, 0.0259472, 0.0235644, 0.0263085, 0.0266628, 0.0252691, 0.0268734, 0.0230116]"
MILP (OR-Tools),horse_arcs_170.txt,1,0.075209,0.073267,0.005967,0.062354,0.081030,0.079481,8.14,"(1, {201})","[0.0810298, 0.0746336, 0.062354, 0.0665435, 0.0692007, 0.0784361, 0.0640758, 0.0671999, 0.0688348, 0.0734217, 0.0666064, 0.079219, 0.0793449, 0.0757837, 0.0793995, 0.078072, 0.0782162, 0.0758304, 0.0685264, 0.0786194]"
MILP (OR-Tools),dry-portals.txt,13,0.636746,0.641666,0.040939,0.580305,0.722483,0.696412,6.38,"(15, {34, 66, 67, 6, 7, 9, 41, 45, 17, 53, 22, 56, 28})","[0.6361378, 0.5921729, 0.5803049, 0.5944129, 0.5884792, 0.6001634, 0.6058779, 0.6373536, 0.6312982, 0.6552153, 0.6810016, 0.722483, 0.6950403, 0.6802633, 0.6558005, 0.6837865, 0.6210202, 0.6243133, 0.6749075, 0.6732941]"
Important Separators (C++),horse_arcs_170.txt,2,0.056153,0.055129,0.005152,0.044592,0.063824,0.063228,9.35,"(12, {144, 148})","[0.0564969, 0.0564211, 0.0519449, 0.0543227, 0.0445919, 0.0500837, 0.0540843, 0.0568568, 0.056284, 0.0583852, 0.0631964, 0.0638235, 0.0589697, 0.0455627, 0.0523593, 0.0602227, 0.0595466, 0.0491325, 0.0542693, 0.0560221]"
Important Separators (C++),dry-portals.txt,11,0.922627,0.898198,0.089560,0.761082,1.026299,1.011697,9.97,"(10, {33, 66, 7, 9, 41, 44, 18, 53, 22, 55, 29})","[0.7976842, 0.8620737, 0.7686474, 0.7977204, 0.8139019, 0.8723445, 0.761082, 0.7677929, 0.8635048, 0.9232205, 1.0089264, 1.010928, 1.0010453, 0.9267595, 1.0262991, 0.9220334, 0.9633548, 0.9537197, 0.9653465, 0.9575768]"
MILP (OR-Tools),dry-portals.txt,14,0.594567,0.593175,0.030324,0.515181,0.653030,0.637767,5.11,"(17, {65, 34, 67, 6, 7, 9, 41, 45, 78, 17, 52, 22, 56, 28})","[0.515181, 0.6191729, 0.5746668, 0.6176415, 0.6156443, 0.6530299, 0.6369641, 0.5898664, 0.5969219, 0.5671713, 0.5720055, 0.6124348, 0.5850403, 0.5769316, 0.554934, 0.5990002, 0.5970823, 0.6079809, 0.5922114, 0.5796098]"
MILP (OR-Tools),horse_arcs_170.txt,2,0.116462,0.115683,0.007754,0.099475,0.126048,0.125359,6.70,"(12, {144, 148})","[0.1135251, 0.1125265, 0.1176638, 0.1024785, 0.1087749, 0.1091452, 0.125072, 0.1253229, 0.1227848, 0.1200976, 0.1212065, 0.124545, 0.1190362, 0.1107337, 0.1152593, 0.1260484, 0.1080376, 0.0994749, 0.1118276, 0.1200916]"
Important Separators (C++),horse_arcs_170.txt,3,0.131149,0.134345,0.017523,0.097755,0.162823,0.157628,13.04,"(19, {144, 123, 150})","[0.1544391, 0.1395079, 0.1113423, 0.1293184, 0.1379063, 0.1194198, 0.1248134, 0.1190908, 0.1181619, 0.1312585, 0.1539083, 0.1573545, 0.1204882, 0.1310392, 0.1288347, 0.1503111, 0.0977553, 0.1478967, 0.1512348, 0.1628227]"
Brute Force (C++),horse_arcs_170.txt,4,0.000000,0.000000,0.000000,0.000000,0.000000,0.000000,0.00,"ERROR: RuntimeError: Brute force C++ too expensive: k=4 exceeds the empirically measured max k=3 (nodes=243, edges=788, removable=241) that completes within 210s.",[]
MILP (OR-Tools),dry-portals.txt,11,1.125573,1.104832,0.062396,1.007748,1.223811,1.171288,5.65,"(10, {33, 66, 7, 9, 41, 44, 18, 53, 22, 55, 29})","[1.0087249, 1.035744, 1.0113411, 1.048163, 1.0077484, 1.026715, 1.0871348, 1.1605342, 1.2238112, 1.1408376, 1.1463299, 1.168524, 1.1060359, 1.1464926, 1.1578715, 1.1211658, 1.1423304, 1.1299807, 1.1339009, 1.09325]"
MILP (OR-Tools),horse_arcs_170.txt,3,0.245023,0.242741,0.015545,0.211400,0.266861,0.263996,6.40,"(19, {144, 123, 150})","[0.2230008, 0.2427953, 0.2523562, 0.2442263, 0.221696, 0.2638449, 0.2572821, 0.2499085, 0.2456092, 0.2668609, 0.2488046, 0.2113996, 0.2333101, 0.2508876, 0.2444358, 0.2456123, 0.259509, 0.2137497, 0.2352251, 0.2442978]"
Brute Force (C++),horse_arcs_170.txt,5,0.000000,0.000000,0.000000,0.000000,0.000000,0.000000,0.00,"ERROR: RuntimeError: Brute force C++ too expensive: k=5 exceeds the empirically measured max k=3 (nodes=243, edges=788, removable=241) that completes within 210s.",[]
Important Separators (C++),horse_arcs_170.txt,4,0.175204,0.172956,0.016948,0.143611,0.202596,0.199690,9.80,"(21, {143, 123, 150, 119})","[0.1857718, 0.1867399, 0.175695, 0.1785217, 0.1842787, 0.1995373, 0.1436113, 0.1533203, 0.1517019, 0.1772442, 0.1663269, 0.2025959, 0.181955, 0.1667635, 0.1902679, 0.1438936, 0.1558178, 0.1747124, 0.1674324, 0.1729289]"
Brute Force (C++),horse_arcs_170.txt,2,1.248872,1.248198,0.025376,1.212738,1.279341,1.279212,2.03,"(12, {144, 148})","[1.2127378, 1.2317812, 1.2291943, 1.2156016, 1.2556571, 1.2793414, 1.2790548, 1.2647491, 1.2717735, 1.2420876]"
Brute Force (C++),horse_arcs_170.txt,6,0.000000,0.000000,0.000000,0.000000,0.000000,0.000000,0.00,"ERROR: RuntimeError: Brute force C++ too expensive: k=6 exceeds the empirically measured max k=3 (nodes=243, edges=788, removable=241) that completes within 210s.",[]
Important Separators (C++),horse_arcs_170.txt,5,0.401000,0.395044,0.022819,0.347908,0.433522,0.427491,5.78,"(38, {144, 125, 150, 120, 61})","[0.4077703, 0.3685396, 0.3994727, 0.3696871, 0.4335221, 0.4110143, 0.3753056, 0.4178081, 0.4069701, 0.4271739, 0.400961, 0.4025586, 0.4010387, 0.4017699, 0.3877133, 0.3911168, 0.4085399, 0.347908, 0.3903336, 0.3516756]"
MILP (OR-Tools),horse_arcs_170.txt,4,1.353641,1.351722,0.038873,1.263097,1.410307,1.402331,2.88,"(21, {143, 123, 150, 119})","[1.3510477, 1.3526419, 1.4103071, 1.3358966, 1.3629241, 1.3573957, 1.3925832, 1.3366861, 1.2630971, 1.3546391]"
Brute Force (C++),horse_arcs_170.txt,7,0.000000,0.000000,0.000000,0.000000,0.000000,0.000000,0.00,"ERROR: RuntimeError: Brute force C++ too expensive: k=7 exceeds the empirically measured max k=3 (nodes=243, edges=788, removable=241) that completes within 210s.",[]
Important Separators (C++),dry-portals.txt,12,1.882874,1.845652,0.119887,1.592172,2.019764,1.971839,6.50,"(13, {34, 66, 67, 7, 9, 41, 45, 18, 53, 22, 56, 29})","[1.5971045, 1.5921718, 1.8761477, 1.9693167, 1.787155, 1.8896001, 1.9440482, 1.9460295, 1.8476867, 1.8180289, 1.9028032, 1.7152082, 1.9068578, 1.8966881, 1.9294997, 1.8706614, 1.8453999, 2.0197641, 1.9051044, 1.6537732]"
Important Separators (C++),dry-portals.txt,13,3.747645,3.731893,0.089959,3.535271,3.831076,3.823257,2.41,"(15, {65, 34, 67, 7, 9, 41, 45, 78, 18, 52, 22, 56, 29})","[3.7340802, 3.7309465, 3.6379244, 3.5352715, 3.7803286, 3.8137006, 3.7612108, 3.6965314, 3.7978584, 3.8310756]"
Brute Force (C++),horse_arcs_170.txt,8,0.000000,0.000000,0.000000,0.000000,0.000000,0.000000,0.00,"ERROR: RuntimeError: Brute force C++ too expensive: k=8 exceeds the empirically measured max k=3 (nodes=243, edges=788, removable=241) that completes within 210s.",[]
MILP (OR-Tools),horse_arcs_170.txt,5,1.371368,1.373952,0.040761,1.297826,1.442059,1.429744,2.97,"(38, {144, 61, 150, 120, 125})","[1.3355569, 1.3590167, 1.4420591, 1.4101707, 1.3896094, 1.2978262, 1.4021082, 1.3530283, 1.3166301, 1.3654332, 1.4170228, 1.4244668, 1.350094, 1.3713682, 1.3748886]"
Important Separators (C++),horse_arcs_170.txt,6,0.986975,0.974844,0.063618,0.874704,1.079048,1.078703,6.53,"(50, {144, 129, 150, 120, 125, 47})","[0.9517911, 0.876384, 0.908324, 0.9718369, 0.8842375, 0.8747044, 0.9393104, 0.9145778, 0.9970435, 1.0217301, 1.0036379, 0.922499, 1.0790479, 1.0042376, 0.976906, 1.0253218, 1.0008274, 1.0786852, 1.0465931, 1.0191755]"
Brute Force (C++),horse_arcs_170.txt,9,0.000000,0.000000,0.000000,0.000000,0.000000,0.000000,0.00,"ERROR: RuntimeError: Brute force C++ too expensive: k=9 exceeds the empirically measured max k=3 (nodes=243, edges=788, removable=241) that completes within 210s.",[]
MILP (OR-Tools),horse_arcs_170.txt,6,1.804007,1.819788,0.050951,1.740530,1.907785,1.893836,2.80,"(50, {129, 47, 144, 150, 120, 125})","[1.828929, 1.8041935, 1.7811085, 1.7972169, 1.7405302, 1.8696309, 1.7878736, 1.8767867, 1.8038208, 1.9077854]"
MILP (OR-Tools),horse_arcs_170.txt,7,1.738418,1.739489,0.031634,1.671952,1.779055,1.779020,1.82,"(62, {129, 78, 144, 20, 150, 120, 125})","[1.7268506, 1.721056, 1.7308164, 1.7789773, 1.7437126, 1.7790546, 1.7440301, 1.7331232, 1.671952, 1.7653132]"
Brute Force (C++),horse_arcs_170.txt,10,0.000000,0.000000,0.000000,0.000000,0.000000,0.000000,0.00,"ERROR: RuntimeError: Brute force C++ too expensive: k=10 exceeds the empirically measured max k=3 (nodes=243, edges=788, removable=241) that completes within 210s.",[]
MILP (OR-Tools),horse_arcs_170.txt,8,1.058371,1.039060,0.039999,0.932001,1.071722,1.071429,3.85,"(77, {166, 47, 144, 179, 120, 154, 190, 191})","[1.0528917, 0.98571, 1.0167919, 1.0553402, 1.0240398, 0.9320013, 1.0105468, 0.9644765, 1.0220072, 1.0423711, 1.0714141, 1.0693733, 1.0717218, 1.0614978, 1.0695534, 1.0695178, 1.0703616, 1.0614024, 1.0631076, 1.0670664]"
MILP (OR-Tools),horse_arcs_170.txt,9,0.928705,0.921148,0.035914,0.792056,0.974197,0.957854,3.90,"(89, {166, 78, 144, 179, 20, 120, 154, 190, 191})","[0.7920557, 0.8779219, 0.8986266, 0.935227, 0.9218546, 0.9292334, 0.9176204, 0.9280148, 0.932072, 0.9128675, 0.9307739, 0.9281764, 0.9301762, 0.9319046, 0.9279516, 0.9399145, 0.974197, 0.956994, 0.9299948, 0.9273867]"
Brute Force (C++),horse_arcs_170.txt,11,0.000000,0.000000,0.000000,0.000000,0.000000,0.000000,0.00,"ERROR: RuntimeError: Brute force C++ too expensive: k=11 exceeds the empirically measured max k=3 (nodes=243, edges=788, removable=241) that completes within 210s.",[]
Important Separators (C++),dry-portals.txt,14,7.474167,7.464222,0.222169,7.130776,7.770752,7.747041,2.98,"(17, {65, 34, 67, 6, 7, 9, 41, 45, 78, 17, 52, 22, 56, 28})","[7.253184, 7.4929261, 7.1967532, 7.1307757, 7.3786167, 7.4554071, 7.6237957, 7.6219537, 7.7180601, 7.7707523]"
MILP (OR-Tools),horse_arcs_170.txt,10,2.817526,2.817818,0.021766,2.786110,2.860915,2.851582,0.77,"(97, {129, 172, 80, 144, 211, 20, 150, 120, 156, 125})","[2.8401747, 2.8226991, 2.7936064, 2.8171923, 2.8011761, 2.8178598, 2.8214519, 2.8169916, 2.8609148, 2.7861098]"
Brute Force (C++),horse_arcs_170.txt,12,0.000000,0.000000,0.000000,0.000000,0.000000,0.000000,0.00,"ERROR: RuntimeError: Brute force C++ too expensive: k=12 exceeds the empirically measured max k=3 (nodes=243, edges=788, removable=241) that completes within 210s.",[]
Important Separators (C++),horse_arcs_170.txt,12,0.000000,0.000000,0.000000,0.000000,0.000000,0.000000,0.00,"ERROR: RuntimeError: Important Separators C++ too expensive: k=12 exceeds the empirically measured max k=11 (nodes=243, edges=788, removable=241) that completes within 210s.",[]
Important Separators (C++),horse_arcs_170.txt,7,3.116989,3.070074,0.116047,2.708586,3.183523,3.152876,3.78,"(62, {144, 129, 20, 150, 120, 125, 78})","[2.9702358, 2.9432856, 2.8797236, 2.7085862, 3.0319266, 3.0850937, 3.1151111, 3.1188673, 3.1835232, 3.1417552, 3.0949722, 3.1512628, 3.1305844, 3.1139239, 3.1414723, 3.1461733, 3.1354996, 3.1478331, 3.1286821, 3.03297]"
Brute Force (C++),horse_arcs_170.txt,13,0.000000,0.000000,0.000000,0.000000,0.000000,0.000000,0.00,"ERROR: RuntimeError: Brute force C++ too expensive: k=13 exceeds the empirically measured max k=3 (nodes=243, edges=788, removable=241) that completes within 210s.",[]
Important Separators (C++),horse_arcs_170.txt,13,0.000000,0.000000,0.000000,0.000000,0.000000,0.000000,0.00,"ERROR: RuntimeError: Important Separators C++ too expensive: k=13 exceeds the empirically measured max k=11 (nodes=243, edges=788, removable=241) that completes within 210s.",[]
MILP (OR-Tools),horse_arcs_170.txt,13,0.096362,0.096794,0.003357,0.091896,0.105083,0.102414,3.47,"(153, {235, 172, 205, 236, 237, 80, 144, 238, 239, 20, 120, 221, 190})","[0.0985542, 0.0959443, 0.0970455, 0.1050834, 0.0927178, 0.0967791, 0.0997222, 0.0958872, 0.0987609, 0.0951164, 0.1022736, 0.09954, 0.0957917, 0.0931844, 0.091896, 0.0924882, 0.0948159, 0.096924, 0.0943696, 0.0989923]"
Brute Force (C++),horse_arcs_170.txt,14,0.000000,0.000000,0.000000,0.000000,0.000000,0.000000,0.00,"ERROR: RuntimeError: Brute force C++ too expensive: k=14 exceeds the empirically measured max k=3 (nodes=243, edges=788, removable=241) that completes within 210s.",[]
Important Separators (C++),horse_arcs_170.txt,14,0.000000,0.000000,0.000000,0.000000,0.000000,0.000000,0.00,"ERROR: RuntimeError: Important Separators C++ too expensive: k=14 exceeds the empirically measured max k=11 (nodes=243, edges=788, removable=241) that completes within 210s.",[]
MILP (OR-Tools),horse_arcs_170.txt,14,0.132832,0.132186,0.003730,0.127199,0.137957,0.137264,2.82,"(161, {232, 233, 234, 235, 172, 236, 237, 238, 80, 144, 239, 20, 120, 218})","[0.1379569, 0.1348811, 0.1293083, 0.1279955, 0.1364174, 0.1327656, 0.1328993, 0.133802, 0.1271994, 0.1286356]"
Brute Force (C++),horse_arcs_170.txt,15,0.000000,0.000000,0.000000,0.000000,0.000000,0.000000,0.00,"ERROR: RuntimeError: Brute force C++ too expensive: k=15 exceeds the empirically measured max k=3 (nodes=243, edges=788, removable=241) that completes within 210s.",[]
Important Separators (C++),horse_arcs_170.txt,15,0.000000,0.000000,0.000000,0.000000,0.000000,0.000000,0.00,"ERROR: RuntimeError: Important Separators C++ too expensive: k=15 exceeds the empirically measured max k=11 (nodes=243, edges=788, removable=241) that completes within 210s.",[]
MILP (OR-Tools),horse_arcs_170.txt,15,0.984719,0.983171,0.008850,0.966504,0.993407,0.992453,0.90,"(164, {5, 232, 233, 234, 235, 172, 236, 237, 238, 80, 17, 144, 239, 120, 218})","[0.9823037, 0.9701747, 0.9911093, 0.9912867, 0.9866195, 0.9856671, 0.9837712, 0.9808642, 0.9665043, 0.9934074]"
Brute Force (C++),horse_diamonds_126.txt,1,0.000906,0.000877,0.000074,0.000744,0.000978,0.000978,8.47,"(-inf, set())","[0.0008624, 0.0008024, 0.0009383, 0.000914, 0.0008672, 0.0009782, 0.0009778, 0.0009317, 0.0009016, 0.0009366, 0.0007439, 0.00078, 0.000746, 0.0009098, 0.000894, 0.0009335, 0.0007613, 0.0008361, 0.0009106, 0.0009112]"
Important Separators (C++),horse_diamonds_126.txt,1,0.002274,0.002189,0.000302,0.001623,0.002606,0.002581,13.82,"(-inf, set())","[0.0019937, 0.0022826, 0.0024854, 0.0026061, 0.0024896, 0.0022645, 0.0018313, 0.0019991, 0.0016229, 0.0020833, 0.0019534, 0.0025797, 0.0023733, 0.0025652, 0.0017656, 0.0018792, 0.002451, 0.0023375, 0.0019129, 0.002295]"
MILP (OR-Tools),horse_diamonds_126.txt,1,0.023632,0.023897,0.001046,0.021364,0.025537,0.025422,4.38,"(-inf, set())","[0.0233836, 0.022924, 0.02399, 0.024743, 0.0213636, 0.0255374, 0.0235852, 0.0253835, 0.0246824, 0.0233112, 0.023379, 0.0228846, 0.0236785, 0.0245518, 0.0254159, 0.0232941, 0.0249361, 0.024323, 0.0231521, 0.0234261]"
Brute Force (C++),horse_diamonds_126.txt,2,0.031923,0.032077,0.000435,0.031580,0.033031,0.032816,1.35,"(1, {58, 46})","[0.031962, 0.0317836, 0.0318831, 0.0325532, 0.0321975, 0.0330306, 0.0321738, 0.031749, 0.0318592, 0.0315797]"
Important Separators (C++),horse_diamonds_126.txt,2,0.009703,0.009446,0.000936,0.007208,0.010526,0.010399,9.91,"(1, {58, 46})","[0.0105257, 0.0087916, 0.0080908, 0.0102721, 0.0102642, 0.0072081, 0.0103922, 0.0082538, 0.0103436, 0.0092065, 0.0095477, 0.0099213, 0.0099047, 0.0092511, 0.0103081, 0.0098588, 0.0102896, 0.0092195, 0.0083233, 0.0089384]"
MILP (OR-Tools),horse_diamonds_126.txt,2,0.031612,0.031654,0.000721,0.030787,0.033055,0.032760,2.28,"(1, {58, 46})","[0.0307874, 0.0308818, 0.0316276, 0.0321345, 0.0315207, 0.0316198, 0.0309053, 0.0330553, 0.0316035, 0.0323997]"
MILP (OR-Tools),horse_arcs_170.txt,11,3.250128,3.277033,0.075364,3.202714,3.456592,3.405059,2.30,"(101, {191, 166, 141, 80, 144, 179, 20, 120, 154, 190, 159})","[3.2503924, 3.2430241, 3.2027138, 3.2478738, 3.2707596, 3.2498627, 3.2059674, 3.3010702, 3.4565922, 3.3420746]"
Important Separators (C++),horse_diamonds_126.txt,3,0.010528,0.010503,0.000644,0.009009,0.011480,0.011346,6.13,"(1, {58, 46})","[0.0107018, 0.0108753, 0.0101077, 0.0109149, 0.0111067, 0.01033, 0.010229, 0.0108042, 0.010163, 0.0103536, 0.010904, 0.0114797, 0.0090089, 0.0103335, 0.0103006, 0.0091971, 0.0108564, 0.0113392, 0.0111257, 0.0099196]"
MILP (OR-Tools),horse_diamonds_126.txt,3,0.048885,0.049548,0.003197,0.043147,0.054480,0.054144,6.45,"(1, {58, 46})","[0.0431466, 0.0520952, 0.0501536, 0.0532319, 0.0541094, 0.0526087, 0.0544796, 0.054126, 0.0522813, 0.0494323, 0.0496478, 0.0482667, 0.0478138, 0.0472149, 0.0483372, 0.0469072, 0.0473436, 0.0469236, 0.046597, 0.0462452]"
Brute Force (C++),horse_diamonds_126.txt,3,1.249620,1.257660,0.023234,1.233643,1.311138,1.296814,1.85,"(1, {0, 58, 46})","[1.2482881, 1.2601254, 1.3111384, 1.2486105, 1.23932, 1.2506299, 1.279306, 1.2658731, 1.2336429, 1.2396625]"
Important Separators (C++),horse_diamonds_126.txt,4,0.036049,0.036496,0.001515,0.033920,0.039259,0.039172,4.15,"(16, {48, 13, 86, 55})","[0.0374244, 0.0357845, 0.0340931, 0.0360461, 0.035076, 0.0360521, 0.0378858, 0.0373871, 0.0378035, 0.0366709, 0.03392, 0.0354991, 0.036748, 0.0385157, 0.0357899, 0.0391671, 0.0392592, 0.0358567, 0.035544, 0.0353873]"
MILP (OR-Tools),horse_diamonds_126.txt,4,0.040647,0.040724,0.000796,0.039489,0.042603,0.041962,1.96,"(16, {48, 13, 86, 55})","[0.0426029, 0.0408417, 0.0406099, 0.0404155, 0.0402241, 0.0404536, 0.0394889, 0.0411787, 0.0406841, 0.0407445]"
Brute Force (C++),horse_diamonds_126.txt,5,0.000000,0.000000,0.000000,0.000000,0.000000,0.000000,0.00,"ERROR: RuntimeError: Brute force C++ too expensive: k=5 exceeds the empirically measured max k=4 (nodes=112, edges=322, removable=107) that completes within 210s.",[]
Important Separators (C++),horse_diamonds_126.txt,5,0.099010,0.098803,0.002603,0.095110,0.102277,0.102135,2.63,"(27, {96, 48, 55, 107, 13})","[0.0951098, 0.1012976, 0.0996616, 0.1022765, 0.0970983, 0.0963223, 0.1019615, 0.0960086, 0.099933, 0.0983576]"
MILP (OR-Tools),horse_diamonds_126.txt,5,0.032720,0.032572,0.001271,0.030626,0.035180,0.034845,3.90,"(27, {96, 107, 13, 48, 55})","[0.0319577, 0.0320655, 0.0351798, 0.0334978, 0.0333326, 0.0327265, 0.0327143, 0.0326713, 0.0341008, 0.0348277, 0.0307792, 0.030626, 0.0329369, 0.0328952, 0.0308482, 0.0320082, 0.0327252, 0.0308555, 0.0329661, 0.0317323]"
Brute Force (C++),horse_diamonds_126.txt,6,0.000000,0.000000,0.000000,0.000000,0.000000,0.000000,0.00,"ERROR: RuntimeError: Brute force C++ too expensive: k=6 exceeds the empirically measured max k=4 (nodes=112, edges=322, removable=107) that completes within 210s.",[]
Important Separators (C++),horse_diamonds_126.txt,6,0.248914,0.247794,0.008008,0.234345,0.262253,0.258877,3.23,"(34, {96, 50, 35, 55, 107, 13})","[0.2586998, 0.2493629, 0.2505961, 0.2562434, 0.2565397, 0.2494237, 0.2353163, 0.2484787, 0.2450464, 0.2343454, 0.2449804, 0.2369002, 0.2460896, 0.245927, 0.2622529, 0.2391853, 0.2506581, 0.2493502, 0.2573702, 0.2391055]"
MILP (OR-Tools),horse_diamonds_126.txt,6,0.038623,0.038606,0.001625,0.032711,0.040813,0.040271,4.21,"(34, {96, 35, 107, 13, 50, 55})","[0.0402429, 0.0327115, 0.0382867, 0.0391328, 0.0408134, 0.0379289, 0.0382217, 0.0380883, 0.0397797, 0.0389202, 0.0386998, 0.0394145, 0.0394783, 0.0399606, 0.0385469, 0.0393641, 0.0383797, 0.0379657, 0.0384861, 0.0376922]"
Brute Force (C++),horse_diamonds_126.txt,7,0.000000,0.000000,0.000000,0.000000,0.000000,0.000000,0.00,"ERROR: RuntimeError: Brute force C++ too expensive: k=7 exceeds the empirically measured max k=4 (nodes=112, edges=322, removable=107) that completes within 210s.",[]
Important Separators (C++),horse_diamonds_126.txt,7,0.625503,0.626700,0.015442,0.601559,0.650251,0.648880,2.46,"(39, {96, 52, 37, 55, 26, 107, 13})","[0.6502515, 0.6176239, 0.601559, 0.6230864, 0.6236678, 0.6354655, 0.6321899, 0.6273376, 0.6086169, 0.6472036]"
MILP (OR-Tools),horse_diamonds_126.txt,7,0.062258,0.062261,0.001996,0.059394,0.069271,0.063737,3.21,"(39, {96, 37, 107, 13, 52, 55, 26})","[0.0610547, 0.0612439, 0.061592, 0.0613129, 0.0624499, 0.062985, 0.0692714, 0.0621824, 0.0632306, 0.0627822, 0.0623835, 0.0623326, 0.0606967, 0.0632123, 0.0602827, 0.0613265, 0.0593938, 0.0607868, 0.0632623, 0.0634458]"
Brute Force (C++),horse_diamonds_126.txt,8,0.000000,0.000000,0.000000,0.000000,0.000000,0.000000,0.00,"ERROR: RuntimeError: Brute force C++ too expensive: k=8 exceeds the empirically measured max k=4 (nodes=112, edges=322, removable=107) that completes within 210s.",[]
Important Separators (C++),horse_arcs_170.txt,8,9.147647,9.134725,0.092631,8.998938,9.287551,9.254738,1.01,"(77, {166, 47, 144, 179, 120, 154, 190, 191})","[9.0548947, 9.1978007, 9.1946165, 9.065988, 9.0375302, 8.9989381, 9.2146325, 9.2875512, 9.1303124, 9.1649821]"
MILP (OR-Tools),horse_arcs_170.txt,12,4.215196,4.238057,0.088976,4.144581,4.410757,4.393839,2.10,"(124, {166, 172, 80, 144, 179, 20, 211, 120, 154, 156, 190, 191})","[4.1625664, 4.1445807, 4.237491, 4.4107567, 4.3731625, 4.2561366, 4.2065871, 4.1588945, 4.2224662, 4.2079253]"
Brute Force (C++),horse_diamonds_126.txt,9,0.000000,0.000000,0.000000,0.000000,0.000000,0.000000,0.00,"ERROR: RuntimeError: Brute force C++ too expensive: k=9 exceeds the empirically measured max k=4 (nodes=112, edges=322, removable=107) that completes within 210s.",[]
MILP (OR-Tools),horse_diamonds_126.txt,8,0.032566,0.033879,0.004984,0.031190,0.054275,0.037271,14.71,"(48, {64, 96, 39, 8, 9, 107, 13, 55})","[0.0327626, 0.032602, 0.0313276, 0.0325114, 0.0327819, 0.0325301, 0.0324193, 0.0315583, 0.036376, 0.0335656, 0.0311897, 0.0326668, 0.0324959, 0.0316783, 0.0323302, 0.0314745, 0.033101, 0.0341649, 0.0542751, 0.0357712]"
MILP (OR-Tools),horse_diamonds_126.txt,9,0.096731,0.096742,0.001960,0.092061,0.099423,0.098923,2.03,"(50, {96, 102, 40, 11, 107, 13, 48, 81, 29})","[0.0964768, 0.0963712, 0.0959431, 0.0981059, 0.0972633, 0.0920613, 0.0968528, 0.0994234, 0.098312, 0.0966102]"
Brute Force (C++),horse_diamonds_126.txt,10,0.000000,0.000000,0.000000,0.000000,0.000000,0.000000,0.00,"ERROR: RuntimeError: Brute force C++ too expensive: k=10 exceeds the empirically measured max k=4 (nodes=112, edges=322, removable=107) that completes within 210s.",[]
Brute Force (C++),dry-portals.txt,4,13.990130,13.952003,0.246498,13.521277,14.258434,14.226791,1.77,"(1, {42, 66, 53, 55})","[13.5212767, 13.6625286, 13.7249776, 14.0810864, 13.9518701, 14.0283889, 13.9213443, 14.2584342, 14.1881165, 14.1820106]"
MILP (OR-Tools),horse_diamonds_126.txt,10,0.069260,0.070263,0.003699,0.067043,0.082725,0.076521,5.26,"(57, {96, 35, 102, 40, 11, 107, 13, 81, 50, 29})","[0.0670431, 0.070203, 0.0692587, 0.0707401, 0.0761944, 0.0685096, 0.0693743, 0.0685736, 0.0702577, 0.0679018, 0.0743844, 0.0827248, 0.0706652, 0.0671268, 0.0683756, 0.0685852, 0.0692616, 0.0685596, 0.0701422, 0.0673856]"
Brute Force (C++),horse_diamonds_126.txt,11,0.000000,0.000000,0.000000,0.000000,0.000000,0.000000,0.00,"ERROR: RuntimeError: Brute force C++ too expensive: k=11 exceeds the empirically measured max k=4 (nodes=112, edges=322, removable=107) that completes within 210s.",[]
Important Separators (C++),horse_diamonds_126.txt,8,1.418247,1.424187,0.018082,1.400690,1.465218,1.453130,1.27,"(48, {64, 96, 39, 8, 9, 107, 13, 55})","[1.4652178, 1.4262406, 1.4334536, 1.40069, 1.4158634, 1.4383559, 1.4206302, 1.411132, 1.4147749, 1.4155108]"
MILP (OR-Tools),horse_diamonds_126.txt,11,0.036003,0.036330,0.000974,0.035096,0.037860,0.037852,2.68,"(64, {64, 96, 39, 8, 9, 40, 11, 72, 13, 107, 29})","[0.0359854, 0.0357013, 0.0378421, 0.0378598, 0.0357664, 0.0360205, 0.036329, 0.0350957, 0.0354944, 0.0372032]"
Brute Force (C++),horse_diamonds_126.txt,12,0.000000,0.000000,0.000000,0.000000,0.000000,0.000000,0.00,"ERROR: RuntimeError: Brute force C++ too expensive: k=12 exceeds the empirically measured max k=4 (nodes=112, edges=322, removable=107) that completes within 210s.",[]
Important Separators (C++),horse_diamonds_126.txt,9,2.673939,2.673337,0.046373,2.599022,2.731759,2.726635,1.73,"(50, {96, 102, 40, 11, 107, 13, 48, 81, 29})","[2.7148023, 2.6915099, 2.64973, 2.7101078, 2.5990221, 2.6392472, 2.7317591, 2.6204497, 2.6563676, 2.7203726]"
MILP (OR-Tools),horse_diamonds_126.txt,12,0.028578,0.028517,0.000641,0.026994,0.029415,0.029248,2.25,"(71, {64, 96, 102, 39, 8, 9, 40, 11, 107, 13, 81, 29})","[0.0290435, 0.028817, 0.0285464, 0.0283946, 0.0269942, 0.0281243, 0.0286041, 0.0294149, 0.0286777, 0.0285524]"
Brute Force (C++),horse_diamonds_126.txt,13,0.000000,0.000000,0.000000,0.000000,0.000000,0.000000,0.00,"ERROR: RuntimeError: Brute force C++ too expensive: k=13 exceeds the empirically measured max k=4 (nodes=112, edges=322, removable=107) that completes within 210s.",[]
Important Separators (C++),dry-portals.txt,15,15.724997,15.658162,0.313784,14.879424,16.006507,15.947589,2.00,"(19, {66, 35, 67, 69, 7, 9, 10, 11, 41, 47, 18, 53, 56, 58, 29})","[14.8794237, 15.6299291, 15.836491, 15.8364519, 15.4760294, 16.0065066, 15.5912133, 15.7327514, 15.717243, 15.8755794]"
MILP (OR-Tools),horse_diamonds_126.txt,13,0.027814,0.028677,0.004436,0.026334,0.047158,0.030253,15.47,"(74, {64, 96, 2, 3, 4, 102, 39, 8, 9, 40, 107, 81, 29})","[0.0277144, 0.026583, 0.0263338, 0.0293637, 0.0279692, 0.0285839, 0.0268361, 0.0278976, 0.0277302, 0.047158, 0.0279435, 0.028309, 0.0269066, 0.0276605, 0.0267872, 0.0282108, 0.0263496, 0.0275148, 0.0285255, 0.0291554]"
Brute Force (C++),horse_diamonds_126.txt,14,0.000000,0.000000,0.000000,0.000000,0.000000,0.000000,0.00,"ERROR: RuntimeError: Brute force C++ too expensive: k=14 exceeds the empirically measured max k=4 (nodes=112, edges=322, removable=107) that completes within 210s.",[]
Important Separators (C++),horse_diamonds_126.txt,10,4.614676,4.613859,0.089317,4.490753,4.755362,4.735884,1.94,"(57, {96, 35, 102, 40, 11, 107, 13, 81, 50, 29})","[4.5638862, 4.5185786, 4.4907528, 4.5307295, 4.6463811, 4.7120781, 4.7553615, 4.6546312, 4.6832253, 4.5829704]"
MILP (OR-Tools),horse_diamonds_126.txt,14,0.023813,0.023782,0.001165,0.021331,0.026246,0.025133,4.90,"(76, {64, 2, 3, 4, 102, 39, 8, 9, 40, 105, 106, 107, 81, 29})","[0.0243913, 0.024166, 0.0238165, 0.0262456, 0.0246635, 0.0243716, 0.024454, 0.0237398, 0.0217021, 0.0213313, 0.02365, 0.0235054, 0.0238093, 0.0234524, 0.0242245, 0.0238002, 0.0216475, 0.0232171, 0.0243768, 0.0250746]"
Brute Force (C++),horse_diamonds_126.txt,15,0.000000,0.000000,0.000000,0.000000,0.000000,0.000000,0.00,"ERROR: RuntimeError: Brute force C++ too expensive: k=15 exceeds the empirically measured max k=4 (nodes=112, edges=322, removable=107) that completes within 210s.",[]
Important Separators (C++),horse_diamonds_126.txt,11,7.293567,7.308812,0.065815,7.232410,7.461546,7.416766,0.90,"(64, {64, 96, 39, 8, 9, 40, 11, 72, 13, 107, 29})","[7.2763832, 7.2905337, 7.4615458, 7.3405924, 7.3044465, 7.2966008, 7.3620342, 7.2618454, 7.23241, 7.2617243]"
MILP (OR-Tools),horse_diamonds_126.txt,15,0.023060,0.024074,0.004477,0.021831,0.042777,0.025587,18.60,"(76, {64, 2, 3, 4, 102, 39, 8, 9, 40, 105, 106, 107, 81, 29})","[0.0246825, 0.0239585, 0.0227969, 0.021831, 0.0230911, 0.0218647, 0.023406, 0.0223515, 0.0232994, 0.0427766, 0.0225204, 0.0230296, 0.02216, 0.0224069, 0.0226504, 0.0236321, 0.0229347, 0.0235034, 0.0246098, 0.0239782]"
Brute Force (C++),horse_dots.txt,1,0.001640,0.001618,0.000129,0.001305,0.001879,0.001759,7.98,"(-inf, set())","[0.001879, 0.0016772, 0.0016789, 0.0016488, 0.0015895, 0.0013047, 0.0014801, 0.0016256, 0.0016957, 0.001627, 0.0017526, 0.0016863, 0.0014912, 0.0014763, 0.0014684, 0.0017463, 0.0017126, 0.0016308, 0.0016543, 0.0015289]"
Important Separators (C++),horse_dots.txt,1,0.010066,0.009878,0.000907,0.007547,0.010994,0.010863,9.19,"(-inf, set())","[0.0107029, 0.0095611, 0.0104502, 0.0105653, 0.0094537, 0.0105741, 0.0103125, 0.0108563, 0.0107542, 0.0100782, 0.0090399, 0.0096696, 0.0091219, 0.0094717, 0.009405, 0.0106346, 0.008311, 0.0100539, 0.0109942, 0.0075467]"
MILP (OR-Tools),horse_dots.txt,1,0.065735,0.065840,0.001240,0.063750,0.067699,0.067542,1.88,"(-inf, set())","[0.0637504, 0.0656175, 0.0670859, 0.0676994, 0.0651986, 0.0651173, 0.0647495, 0.0673506, 0.0658528, 0.0659755]"
Brute Force (C++),horse_dots.txt,2,0.130541,0.130710,0.001614,0.128994,0.134802,0.133276,1.23,"(-inf, set())","[0.134802, 0.1299447, 0.1306946, 0.1307886, 0.1301629, 0.1314101, 0.1289942, 0.1292076, 0.1303884, 0.1307109]"
Important Separators (C++),horse_dots.txt,2,0.010342,0.010174,0.000717,0.007873,0.011159,0.010921,7.05,"(-inf, set())","[0.0095437, 0.0095086, 0.0078733, 0.0109088, 0.010073, 0.0106421, 0.0104169, 0.0105926, 0.0106125, 0.0106787, 0.010267, 0.0100127, 0.0097123, 0.0105525, 0.0104811, 0.0101646, 0.0094465, 0.0106233, 0.0111592, 0.0102083]"
MILP (OR-Tools),horse_dots.txt,2,0.085899,0.086512,0.003122,0.080974,0.095294,0.090582,3.61,"(-inf, set())","[0.0952935, 0.0841038, 0.0833715, 0.0898403, 0.0851323, 0.0850522, 0.0866592, 0.0903343, 0.0853756, 0.083522, 0.0857607, 0.0881335, 0.086571, 0.0879087, 0.0809739, 0.0847998, 0.0860378, 0.0891543, 0.0878608, 0.0843559]"
Important Separators (C++),horse_diamonds_126.txt,12,10.679466,10.661221,0.082883,10.551364,10.774542,10.760303,0.78,"(71, {64, 96, 102, 39, 8, 9, 40, 11, 107, 13, 81, 29})","[10.7745423, 10.6529769, 10.6172241, 10.7059553, 10.7083414, 10.7429003, 10.7315445, 10.5589194, 10.5513637, 10.5684389]"
Important Separators (C++),horse_dots.txt,3,0.065047,0.064965,0.002417,0.059802,0.068600,0.068139,3.72,"(1, {104, 89, 102})","[0.0641152, 0.0675244, 0.0624628, 0.068115, 0.0631788, 0.0686002, 0.0664224, 0.0668813, 0.0676648, 0.0666594, 0.0647944, 0.0598017, 0.0662491, 0.0617656, 0.0631567, 0.0652593, 0.0621681, 0.064834, 0.0631808, 0.0664697]"
MILP (OR-Tools),horse_dots.txt,3,0.071215,0.071520,0.004529,0.065493,0.088525,0.075370,6.33,"(1, {104, 89, 102})","[0.0713436, 0.072394, 0.065493, 0.074678, 0.0739637, 0.0730706, 0.0691068, 0.0711769, 0.0712539, 0.0715198, 0.0715468, 0.0686867, 0.0692516, 0.0681824, 0.0885247, 0.0700821, 0.0701102, 0.0713862, 0.0686361, 0.0699992]"
Brute Force (C++),horse_dots.txt,4,0.000000,0.000000,0.000000,0.000000,0.000000,0.000000,0.00,"ERROR: RuntimeError: Brute force C++ too expensive: k=4 exceeds the empirically measured max k=3 (nodes=224, edges=816, removable=222) that completes within 210s.",[]
Important Separators (C++),horse_dots.txt,4,0.065448,0.065204,0.001343,0.062778,0.067761,0.066931,2.06,"(1, {104, 89, 102})","[0.0647142, 0.0677612, 0.065917, 0.0658501, 0.0638445, 0.0627779, 0.0653099, 0.0645754, 0.0655856, 0.0657051]"
MILP (OR-Tools),horse_dots.txt,4,0.150937,0.151721,0.003189,0.147557,0.156362,0.155816,2.10,"(1, {104, 89, 102})","[0.1512854, 0.1475573, 0.1542212, 0.1548472, 0.150589, 0.1502954, 0.1551492, 0.156362, 0.1483394, 0.1485666]"
Brute Force (C++),horse_dots.txt,5,0.000000,0.000000,0.000000,0.000000,0.000000,0.000000,0.00,"ERROR: RuntimeError: Brute force C++ too expensive: k=5 exceeds the empirically measured max k=3 (nodes=224, edges=816, removable=222) that completes within 210s.",[]
Important Separators (C++),horse_dots.txt,5,0.285361,0.285359,0.006676,0.274008,0.295036,0.294480,2.34,"(2, {89, 102, 118, 105, 90})","[0.2740081, 0.2777965, 0.284295, 0.2853447, 0.2899795, 0.2937989, 0.2874335, 0.2853775, 0.2950364, 0.2805188]"
MILP (OR-Tools),horse_dots.txt,5,3.370273,3.368223,0.016875,3.332612,3.385544,3.384961,0.50,"(2, {101, 104, 117, 88, 89})","[3.3644634, 3.380695, 3.3842481, 3.3675332, 3.3719638, 3.3855439, 3.3685813, 3.3474023, 3.379187, 3.3326122]"
Brute Force (C++),horse_dots.txt,6,0.000000,0.000000,0.000000,0.000000,0.000000,0.000000,0.00,"ERROR: RuntimeError: Brute force C++ too expensive: k=6 exceeds the empirically measured max k=3 (nodes=224, edges=816, removable=222) that completes within 210s.",[]
Important Separators (C++),horse_diamonds_126.txt,13,14.014875,13.995574,0.098866,13.800502,14.152661,14.118428,0.71,"(74, {64, 96, 2, 3, 4, 102, 39, 8, 9, 40, 107, 81, 29})","[14.0063334, 14.0234169, 14.0534822, 14.1526611, 14.0373993, 13.9637342, 13.8005021, 13.9051294, 13.9364923, 14.0765871]"
Important Separators (C++),horse_dots.txt,6,0.768056,0.768839,0.010071,0.757481,0.787394,0.785333,1.31,"(4, {89, 102, 118, 105, 75, 92})","[0.7579478, 0.7709607, 0.7828145, 0.7722125, 0.7666119, 0.7873943, 0.7695002, 0.7604308, 0.7630347, 0.7574809]"
Brute Force (C++),horse_dots.txt,7,0.000000,0.000000,0.000000,0.000000,0.000000,0.000000,0.00,"ERROR: RuntimeError: Brute force C++ too expensive: k=7 exceeds the empirically measured max k=3 (nodes=224, edges=816, removable=222) that completes within 210s.",[]
Important Separators (C++),horse_arcs_170.txt,9,26.823071,26.809968,0.189508,26.515628,27.083289,27.042877,0.71,"(89, {166, 78, 144, 179, 20, 120, 154, 190, 191})","[27.0832891, 26.9934836, 26.9337264, 26.9583468, 26.8655391, 26.599478, 26.609715, 26.5156277, 26.7598694, 26.7806033]"
Brute Force (C++),horse_dots.txt,3,10.484327,10.498420,0.074377,10.419212,10.665950,10.626651,0.71,"(1, {104, 89, 102})","[10.4547732, 10.5070988, 10.4898601, 10.4484057, 10.4192123, 10.5063975, 10.4350898, 10.5786195, 10.6659502, 10.4787943]"
Brute Force (C++),horse_dots.txt,8,0.000000,0.000000,0.000000,0.000000,0.000000,0.000000,0.00,"ERROR: RuntimeError: Brute force C++ too expensive: k=8 exceeds the empirically measured max k=3 (nodes=224, edges=816, removable=222) that completes within 210s.",[]
Important Separators (C++),horse_dots.txt,7,2.155538,2.153786,0.027116,2.109292,2.197875,2.191106,1.26,"(8, {89, 129, 130, 99, 86, 104, 73})","[2.1403183, 2.1092917, 2.1562624, 2.1713672, 2.1548135, 2.1978745, 2.1828332, 2.1173004, 2.1506322, 2.1571617]"
MILP (OR-Tools),horse_dots.txt,6,2.589901,2.593669,0.017073,2.565841,2.621822,2.618017,0.66,"(4, {102, 104, 74, 87, 90, 60})","[2.6088979, 2.565841, 2.5816395, 2.5818539, 2.5882564, 2.6218221, 2.6133669, 2.5842857, 2.5991859, 2.5915451]"
Brute Force (C++),horse_dots.txt,9,0.000000,0.000000,0.000000,0.000000,0.000000,0.000000,0.00,"ERROR: RuntimeError: Brute force C++ too expensive: k=9 exceeds the empirically measured max k=3 (nodes=224, edges=816, removable=222) that completes within 210s.",[]
MILP (OR-Tools),horse_dots.txt,7,1.899036,1.898146,0.021250,1.856417,1.939022,1.928305,1.12,"(8, {102, 104, 46, 87, 91, 60, 62})","[1.9390224, 1.9017264, 1.8564172, 1.8863494, 1.9047851, 1.8936832, 1.8995853, 1.8861963, 1.9152067, 1.898486]"
Important Separators (C++),horse_diamonds_126.txt,14,16.837635,16.831020,0.094660,16.685388,16.967775,16.944483,0.56,"(76, {64, 2, 3, 4, 102, 39, 8, 9, 40, 105, 106, 107, 81, 29})","[16.9160157, 16.6853881, 16.9677752, 16.8661032, 16.8956786, 16.6971874, 16.7830482, 16.7856655, 16.8091675, 16.9041754]"
Brute Force (C++),horse_dots.txt,10,0.000000,0.000000,0.000000,0.000000,0.000000,0.000000,0.00,"ERROR: RuntimeError: Brute force C++ too expensive: k=10 exceeds the empirically measured max k=3 (nodes=224, edges=816, removable=222) that completes within 210s.",[]
MILP (OR-Tools),horse_dots.txt,8,2.074213,2.074923,0.016315,2.045975,2.095331,2.093645,0.79,"(11, {64, 102, 104, 46, 48, 87, 91, 60})","[2.0953313, 2.0720609, 2.0459755, 2.0570831, 2.0906574, 2.0763659, 2.0915847, 2.0862548, 2.0709711, 2.0629493]"
Important Separators (C++),horse_diamonds_126.txt,15,18.630264,18.639339,0.176426,18.413737,18.966133,18.884916,0.95,"(76, {64, 2, 3, 4, 102, 39, 8, 9, 40, 105, 106, 107, 81, 29})","[18.763376, 18.5293476, 18.4804869, 18.4137373, 18.4477986, 18.7463299, 18.9661327, 18.6335105, 18.6270172, 18.7856504]"
Brute Force (C++),horse_dots.txt,11,0.000000,0.000000,0.000000,0.000000,0.000000,0.000000,0.00,"ERROR: RuntimeError: Brute force C++ too expensive: k=11 exceeds the empirically measured max k=3 (nodes=224, edges=816, removable=222) that completes within 210s.",[]
Important Separators (C++),horse_dots.txt,8,6.028055,6.051628,0.060253,5.980994,6.160498,6.140324,1.00,"(11, {64, 102, 104, 46, 48, 87, 91, 60})","[5.9814453, 6.1156674, 6.0887254, 6.0962792, 6.1604982, 6.031384, 6.0120433, 6.0247259, 5.9809935, 6.0245221]"
MILP (OR-Tools),horse_dots.txt,9,6.456480,6.474413,0.054849,6.424715,6.600425,6.563764,0.85,"(14, {64, 35, 102, 104, 46, 22, 87, 91, 60})","[6.4383554, 6.503795, 6.4528383, 6.518955, 6.4247147, 6.4601214, 6.4267257, 6.6004253, 6.4349525, 6.4832452]"
Brute Force (C++),horse_dots.txt,12,0.000000,0.000000,0.000000,0.000000,0.000000,0.000000,0.00,"ERROR: RuntimeError: Brute force C++ too expensive: k=12 exceeds the empirically measured max k=3 (nodes=224, edges=816, removable=222) that completes within 210s.",[]
Important Separators (C++),horse_dots.txt,12,0.000000,0.000000,0.000000,0.000000,0.000000,0.000000,0.00,"ERROR: RuntimeError: Important Separators C++ too expensive: k=12 exceeds the empirically measured max k=11 (nodes=224, edges=816, removable=222) that completes within 210s.",[]
Brute Force (C++),horse_diamonds_126.txt,4,33.986297,34.103856,0.500324,33.727856,35.465446,34.906874,1.47,"(16, {48, 13, 86, 55})","[34.0603318, 33.7886318, 33.9459301, 33.886195, 34.2241753, 33.7278562, 34.0266643, 34.0573438, 35.4654463, 33.8559832]"
Brute Force (C++),horse_dots.txt,13,0.000000,0.000000,0.000000,0.000000,0.000000,0.000000,0.00,"ERROR: RuntimeError: Brute force C++ too expensive: k=13 exceeds the empirically measured max k=3 (nodes=224, edges=816, removable=222) that completes within 210s.",[]
Important Separators (C++),horse_dots.txt,13,0.000000,0.000000,0.000000,0.000000,0.000000,0.000000,0.00,"ERROR: RuntimeError: Important Separators C++ too expensive: k=13 exceeds the empirically measured max k=11 (nodes=224, edges=816, removable=222) that completes within 210s.",[]
MILP (OR-Tools),horse_dots.txt,10,7.369388,7.454789,0.248922,7.255259,8.334012,7.826620,3.34,"(19, {64, 102, 104, 43, 48, 18, 20, 87, 58, 91})","[7.3643663, 7.341067, 7.3372722, 7.4315141, 7.4112945, 7.3744095, 7.4754542, 7.5245649, 7.6876498, 8.3340117, 7.4912119, 7.7999152, 7.4489872, 7.3107931, 7.2991318, 7.3054888, 7.3337367, 7.3065541, 7.2552591, 7.2630905]"
Brute Force (C++),horse_dots.txt,14,0.000000,0.000000,0.000000,0.000000,0.000000,0.000000,0.00,"ERROR: RuntimeError: Brute force C++ too expensive: k=14 exceeds the empirically measured max k=3 (nodes=224, edges=816, removable=222) that completes within 210s.",[]
Important Separators (C++),horse_dots.txt,14,0.000000,0.000000,0.000000,0.000000,0.000000,0.000000,0.00,"ERROR: RuntimeError: Important Separators C++ too expensive: k=14 exceeds the empirically measured max k=11 (nodes=224, edges=816, removable=222) that completes within 210s.",[]
MILP (OR-Tools),horse_dots.txt,12,5.222928,5.302199,0.213164,5.172261,6.064800,5.658145,4.02,"(31, {66, 35, 132, 102, 134, 108, 46, 79, 148, 22, 87, 60})","[5.476177, 6.0647998, 5.3105322, 5.2943559, 5.6367417, 5.3486488, 5.2815556, 5.2141181, 5.1932716, 5.2458746, 5.2274302, 5.1906008, 5.2274657, 5.2184259, 5.172261, 5.1725344, 5.1728501, 5.2117143, 5.2105802, 5.1740425]"
Brute Force (C++),horse_dots.txt,15,0.000000,0.000000,0.000000,0.000000,0.000000,0.000000,0.00,"ERROR: RuntimeError: Brute force C++ too expensive: k=15 exceeds the empirically measured max k=3 (nodes=224, edges=816, removable=222) that completes within 210s.",[]
Important Separators (C++),horse_dots.txt,15,0.000000,0.000000,0.000000,0.000000,0.000000,0.000000,0.00,"ERROR: RuntimeError: Important Separators C++ too expensive: k=15 exceeds the empirically measured max k=11 (nodes=224, edges=816, removable=222) that completes within 210s.",[]
MILP (OR-Tools),horse_dots.txt,11,6.926153,7.010464,0.245528,6.847238,7.936994,7.337688,3.50,"(22, {64, 35, 102, 104, 43, 18, 20, 22, 87, 58, 91})","[7.0101413, 7.1090227, 7.1081386, 7.9369944, 7.0529621, 7.3061455, 7.0161086, 6.9247781, 6.9275285, 6.8504321, 6.8939445, 6.8658298, 6.8873057, 6.9122699, 6.8682365, 6.9060196, 6.8472375, 6.900553, 6.9312775, 6.9543628]"
Brute Force (C++),horse_u-turn_128.txt,1,0.001173,0.001157,0.000087,0.001005,0.001273,0.001273,7.50,"(-inf, set())","[0.0012243, 0.0012145, 0.0010753, 0.0011449, 0.001116, 0.0011227, 0.0012177, 0.001238, 0.0012019, 0.0010053, 0.0010279, 0.0011388, 0.0012727, 0.0012735, 0.0012143, 0.0012245, 0.0010646, 0.0010606, 0.0010509, 0.0012545]"
Important Separators (C++),horse_u-turn_128.txt,1,0.002207,0.002118,0.000209,0.001717,0.002364,0.002324,9.86,"(-inf, set())","[0.0023214, 0.0022311, 0.0023184, 0.0023642, 0.0021823, 0.0022365, 0.002305, 0.0021302, 0.0020505, 0.0020312, 0.0017577, 0.0022357, 0.0022313, 0.0017831, 0.0020331, 0.0017171, 0.0020525, 0.0017945, 0.002291, 0.0023021]"
MILP (OR-Tools),horse_u-turn_128.txt,1,0.021832,0.022125,0.001206,0.020295,0.025021,0.024740,5.45,"(-inf, set())","[0.0217716, 0.0227745, 0.0247254, 0.0230307, 0.0216331, 0.0217909, 0.0225085, 0.0250209, 0.0228181, 0.0229622, 0.0218732, 0.02228, 0.0209825, 0.021563, 0.0213016, 0.0202945, 0.0210449, 0.0213171, 0.0207518, 0.0220586]"
Brute Force (C++),horse_u-turn_128.txt,2,0.035814,0.035868,0.000982,0.034210,0.037191,0.037066,2.74,"(-inf, set())","[0.036683, 0.0352591, 0.0351553, 0.0369142, 0.0371906, 0.0352954, 0.0363319, 0.036529, 0.0351161, 0.0342104]"
Important Separators (C++),horse_u-turn_128.txt,2,0.002013,0.002055,0.000169,0.001793,0.002312,0.002288,8.24,"(-inf, set())","[0.0019672, 0.0017933, 0.0020063, 0.0022051, 0.0021594, 0.0019732, 0.00223, 0.0020741, 0.0018746, 0.0023119, 0.0018356, 0.0019495, 0.0019854, 0.0022102, 0.0020196, 0.0022371, 0.0022868, 0.0022533, 0.0018035, 0.0019213]"
MILP (OR-Tools),horse_u-turn_128.txt,2,0.033023,0.034236,0.005705,0.030307,0.057949,0.036852,16.66,"(-inf, set())","[0.033759, 0.0326155, 0.0303073, 0.0315793, 0.0320986, 0.0321657, 0.0332541, 0.0579492, 0.0348576, 0.0336089, 0.0334496, 0.0341493, 0.0334011, 0.031854, 0.0357414, 0.0331255, 0.0326159, 0.0324054, 0.0328562, 0.0329205]"
Important Separators (C++),horse_dots.txt,9,18.656007,18.731211,0.443330,18.281161,19.773252,19.488763,2.37,"(14, {129, 130, 99, 104, 46, 86, 91, 60, 62})","[18.671807, 18.6716684, 19.1410538, 19.7732517, 18.8474303, 18.6403446, 18.503753, 18.2811611, 18.4009463, 18.3806964]"
Important Separators (C++),horse_u-turn_128.txt,3,0.011100,0.010932,0.000775,0.009163,0.011907,0.011886,7.09,"(1, {50, 52, 62})","[0.0104479, 0.0106087, 0.0105061, 0.009386, 0.0109126, 0.0091628, 0.0113836, 0.0116012, 0.0118854, 0.0109097, 0.0107443, 0.0109954, 0.0119068, 0.0114252, 0.0097916, 0.0113797, 0.0117512, 0.0114305, 0.0112108, 0.011205]"
MILP (OR-Tools),horse_u-turn_128.txt,3,0.031204,0.030781,0.001025,0.029275,0.032206,0.032143,3.33,"(1, {50, 52, 62})","[0.0316551, 0.0292944, 0.0314418, 0.0297937, 0.0305812, 0.0315402, 0.0320708, 0.0312367, 0.0297342, 0.0313928, 0.0296471, 0.0294644, 0.0297753, 0.0302345, 0.0311722, 0.0313965, 0.0292751, 0.0315692, 0.0322056, 0.0321397]"
Brute Force (C++),horse_u-turn_128.txt,3,1.078142,1.079198,0.007975,1.067931,1.093606,1.092457,0.74,"(1, {50, 52, 62})","[1.0910514, 1.0806968, 1.0726121, 1.075229, 1.0763467, 1.0936063, 1.067931, 1.0804451, 1.0799368, 1.0741239]"
Important Separators (C++),horse_u-turn_128.txt,4,0.024527,0.024058,0.001454,0.021462,0.025956,0.025894,6.04,"(12, {64, 50, 60, 54})","[0.0247622, 0.0214624, 0.0249161, 0.0227326, 0.025714, 0.023103, 0.0250599, 0.0259558, 0.0217918, 0.0250706, 0.0244779, 0.022356, 0.0225584, 0.0236244, 0.0258524, 0.0258906, 0.0235741, 0.0251244, 0.0225507, 0.0245766]"
MILP (OR-Tools),horse_u-turn_128.txt,4,0.038384,0.038413,0.001007,0.036616,0.039747,0.039620,2.62,"(12, {64, 50, 60, 54})","[0.0379517, 0.0397469, 0.0383179, 0.0391987, 0.039464, 0.0384505, 0.0371517, 0.0381159, 0.036616, 0.0391168]"
Brute Force (C++),horse_u-turn_128.txt,5,0.000000,0.000000,0.000000,0.000000,0.000000,0.000000,0.00,"ERROR: RuntimeError: Brute force C++ too expensive: k=5 exceeds the empirically measured max k=4 (nodes=93, edges=294, removable=87) that completes within 210s.",[]
Important Separators (C++),horse_u-turn_128.txt,5,0.060693,0.060187,0.002473,0.053877,0.063965,0.062854,4.11,"(24, {50, 54, 72, 91, 60})","[0.0617257, 0.0639652, 0.0578313, 0.055109, 0.060648, 0.0607374, 0.0593602, 0.0618782, 0.0538769, 0.0595063, 0.0619192, 0.0623214, 0.0614805, 0.0587765, 0.0601086, 0.0597276, 0.059004, 0.0621426, 0.0608245, 0.062796]"
MILP (OR-Tools),horse_u-turn_128.txt,5,0.031023,0.030910,0.001696,0.025407,0.033553,0.033338,5.49,"(24, {72, 50, 54, 91, 60})","[0.0322653, 0.0254068, 0.0310914, 0.0309421, 0.0309574, 0.0306741, 0.031245, 0.0303107, 0.0316485, 0.0308027, 0.031088, 0.0305466, 0.0333267, 0.0335533, 0.0314156, 0.0284438, 0.0303517, 0.0318759, 0.0305164, 0.0317408]"
Brute Force (C++),horse_u-turn_128.txt,6,0.000000,0.000000,0.000000,0.000000,0.000000,0.000000,0.00,"ERROR: RuntimeError: Brute force C++ too expensive: k=6 exceeds the empirically measured max k=4 (nodes=93, edges=294, removable=87) that completes within 210s.",[]
Important Separators (C++),horse_u-turn_128.txt,6,0.172711,0.171952,0.004603,0.161739,0.177511,0.176958,2.68,"(26, {49, 54, 72, 59, 91, 44})","[0.1617388, 0.1722226, 0.1732052, 0.1728335, 0.1709857, 0.1775114, 0.1725883, 0.1671093, 0.1762818, 0.1750386]"
MILP (OR-Tools),horse_u-turn_128.txt,6,0.076183,0.078534,0.008461,0.072425,0.112714,0.086437,10.77,"(26, {64, 35, 42, 76, 54, 26})","[0.0783729, 0.0754663, 0.075093, 0.0737906, 0.0758796, 0.0754317, 0.0751831, 0.0804513, 0.0850539, 0.1127142, 0.0777259, 0.0773919, 0.0772859, 0.0764355, 0.0724253, 0.0759305, 0.0779475, 0.0754757, 0.0774036, 0.0752244]"
Brute Force (C++),horse_u-turn_128.txt,7,0.000000,0.000000,0.000000,0.000000,0.000000,0.000000,0.00,"ERROR: RuntimeError: Brute force C++ too expensive: k=7 exceeds the empirically measured max k=4 (nodes=93, edges=294, removable=87) that completes within 210s.",[]
MILP (OR-Tools),horse_dots.txt,13,6.665465,6.664219,0.047173,6.596279,6.732605,6.729968,0.71,"(35, {32, 129, 130, 104, 46, 17, 82, 114, 55, 62, 91, 30, 127})","[6.6643136, 6.6666158, 6.5962794, 6.6113874, 6.6455509, 6.7326049, 6.6839686, 6.6173852, 6.6973398, 6.7267461]"
MILP (OR-Tools),horse_u-turn_128.txt,7,0.031185,0.031210,0.000747,0.029741,0.032173,0.032111,2.39,"(38, {35, 72, 42, 76, 54, 26, 91})","[0.0318283, 0.0310553, 0.0303564, 0.0321732, 0.0320351, 0.0312632, 0.031485, 0.0311071, 0.0310513, 0.0297407]"
Brute Force (C++),horse_u-turn_128.txt,8,0.000000,0.000000,0.000000,0.000000,0.000000,0.000000,0.00,"ERROR: RuntimeError: Brute force C++ too expensive: k=8 exceeds the empirically measured max k=4 (nodes=93, edges=294, removable=87) that completes within 210s.",[]
Important Separators (C++),horse_u-turn_128.txt,7,0.448291,0.447769,0.008555,0.431918,0.462887,0.459768,1.91,"(38, {35, 26, 54, 72, 42, 91, 76})","[0.4494331, 0.442668, 0.4471482, 0.4628872, 0.4319176, 0.449619, 0.4559555, 0.4527976, 0.4418537, 0.4434094]"
MILP (OR-Tools),horse_u-turn_128.txt,8,0.058230,0.058430,0.001714,0.056127,0.061860,0.060859,2.93,"(41, {34, 72, 41, 76, 16, 54, 25, 91})","[0.0593701, 0.0561266, 0.0595943, 0.0570095, 0.0596352, 0.0572272, 0.06186, 0.0570171, 0.0584889, 0.0579717]"
Brute Force (C++),horse_u-turn_128.txt,9,0.000000,0.000000,0.000000,0.000000,0.000000,0.000000,0.00,"ERROR: RuntimeError: Brute force C++ too expensive: k=9 exceeds the empirically measured max k=4 (nodes=93, edges=294, removable=87) that completes within 210s.",[]
MILP (OR-Tools),horse_dots.txt,14,5.564440,5.557469,0.030454,5.515693,5.595299,5.593532,0.55,"(45, {132, 102, 134, 9, 10, 108, 46, 80, 148, 53, 22, 87, 26, 60})","[5.5274402, 5.5908789, 5.591373, 5.5319665, 5.5243078, 5.5680846, 5.5156926, 5.568852, 5.5952985, 5.5607949]"
MILP (OR-Tools),horse_u-turn_128.txt,9,0.031792,0.031924,0.001052,0.030182,0.034641,0.033556,3.30,"(51, {39, 72, 9, 76, 16, 21, 54, 91, 31})","[0.0314268, 0.0327001, 0.0324915, 0.030514, 0.0315118, 0.031251, 0.0318823, 0.0334989, 0.0346411, 0.0327384, 0.0328252, 0.032123, 0.0317007, 0.0301817, 0.0307922, 0.0311148, 0.0314973, 0.0312007, 0.03218, 0.032204]"
Brute Force (C++),horse_u-turn_128.txt,10,0.000000,0.000000,0.000000,0.000000,0.000000,0.000000,0.00,"ERROR: RuntimeError: Brute force C++ too expensive: k=10 exceeds the empirically measured max k=4 (nodes=93, edges=294, removable=87) that completes within 210s.",[]
Important Separators (C++),horse_u-turn_128.txt,8,1.173982,1.175655,0.016615,1.154685,1.199322,1.197684,1.41,"(41, {34, 72, 41, 76, 16, 54, 25, 91})","[1.1560268, 1.1673765, 1.154685, 1.1906766, 1.1589071, 1.1993217, 1.1956819, 1.1859107, 1.1714526, 1.1765113]"
MILP (OR-Tools),horse_u-turn_128.txt,10,0.062059,0.061857,0.001406,0.059797,0.064102,0.063689,2.27,"(53, {2, 39, 72, 10, 76, 17, 21, 54, 91, 31})","[0.0629638, 0.0641016, 0.0625, 0.0617652, 0.0602165, 0.0623519, 0.0597965, 0.060604, 0.0631856, 0.0610896]"
Brute Force (C++),horse_u-turn_128.txt,11,0.000000,0.000000,0.000000,0.000000,0.000000,0.000000,0.00,"ERROR: RuntimeError: Brute force C++ too expensive: k=11 exceeds the empirically measured max k=4 (nodes=93, edges=294, removable=87) that completes within 210s.",[]
MILP (OR-Tools),horse_dots.txt,15,4.797811,4.799039,0.032554,4.746533,4.857445,4.842899,0.68,"(47, {64, 129, 130, 3, 4, 5, 104, 48, 82, 114, 20, 55, 91, 28, 127})","[4.8041126, 4.7989168, 4.8207165, 4.7465335, 4.7528117, 4.8574454, 4.7946482, 4.7967049, 4.7933749, 4.825121]"
MILP (OR-Tools),horse_u-turn_128.txt,11,0.031297,0.030827,0.001622,0.027297,0.033904,0.032897,5.26,"(63, {39, 72, 9, 76, 47, 16, 21, 56, 91, 30, 31})","[0.0313591, 0.0339039, 0.0314153, 0.0312358, 0.0307289, 0.0318917, 0.0318931, 0.0308959, 0.0304025, 0.0328441, 0.0296533, 0.0283082, 0.0315667, 0.0285509, 0.0314321, 0.0272965, 0.029405, 0.0296245, 0.0324966, 0.0316421]"
Brute Force (C++),horse_u-turn_128.txt,12,0.000000,0.000000,0.000000,0.000000,0.000000,0.000000,0.00,"ERROR: RuntimeError: Brute force C++ too expensive: k=12 exceeds the empirically measured max k=4 (nodes=93, edges=294, removable=87) that completes within 210s.",[]
Important Separators (C++),horse_u-turn_128.txt,9,2.844353,2.842837,0.016965,2.811804,2.864021,2.862787,0.60,"(51, {39, 72, 9, 76, 16, 21, 54, 91, 31})","[2.8118041, 2.8565781, 2.8640213, 2.8292408, 2.8524733, 2.8315716, 2.8362328, 2.8612774, 2.8325553, 2.8526174]"
MILP (OR-Tools),horse_u-turn_128.txt,12,0.076611,0.076447,0.001761,0.073499,0.078398,0.078380,2.30,"(65, {2, 39, 72, 10, 76, 47, 17, 21, 56, 91, 30, 31})","[0.0734993, 0.0759405, 0.0782713, 0.075596, 0.0783983, 0.0767667, 0.0773076, 0.0764558, 0.0738777, 0.0783574]"
Brute Force (C++),horse_u-turn_128.txt,13,0.000000,0.000000,0.000000,0.000000,0.000000,0.000000,0.00,"ERROR: RuntimeError: Brute force C++ too expensive: k=13 exceeds the empirically measured max k=4 (nodes=93, edges=294, removable=87) that completes within 210s.",[]
Important Separators (C++),horse_u-turn_128.txt,10,6.413702,6.421696,0.044089,6.372269,6.514331,6.490897,0.69,"(53, {34, 72, 41, 76, 47, 16, 56, 25, 91, 30})","[6.5143306, 6.4391069, 6.4622569, 6.3951495, 6.3766198, 6.3722693, 6.387476, 6.4191963, 6.4423466, 6.4082081]"
MILP (OR-Tools),horse_u-turn_128.txt,13,0.241880,0.242094,0.002066,0.239034,0.245661,0.245510,0.85,"(67, {2, 3, 39, 72, 11, 76, 47, 18, 21, 56, 91, 30, 31})","[0.2414603, 0.241896, 0.2456605, 0.2421222, 0.2453253, 0.2404129, 0.2418641, 0.2425942, 0.2405683, 0.2390339]"
Brute Force (C++),horse_u-turn_128.txt,14,0.000000,0.000000,0.000000,0.000000,0.000000,0.000000,0.00,"ERROR: RuntimeError: Brute force C++ too expensive: k=14 exceeds the empirically measured max k=4 (nodes=93, edges=294, removable=87) that completes within 210s.",[]
Important Separators (C++),horse_u-turn_128.txt,11,13.277416,13.291351,0.118985,13.103332,13.551733,13.470854,0.90,"(63, {39, 72, 9, 76, 47, 16, 21, 56, 91, 30, 31})","[13.3720011, 13.3407207, 13.276581, 13.238426, 13.3191692, 13.2265939, 13.2066978, 13.1033322, 13.2782512, 13.5517334]"
MILP (OR-Tools),horse_u-turn_128.txt,14,0.030224,0.029964,0.001208,0.026153,0.030984,0.030977,4.03,"(77, {2, 3, 4, 5, 6, 39, 72, 76, 47, 21, 56, 91, 30, 31})","[0.0302715, 0.0278379, 0.0298537, 0.0309529, 0.0309537, 0.030984, 0.0301386, 0.0261532, 0.0292236, 0.0292083, 0.0307023, 0.0299516, 0.0309771, 0.0308485, 0.0304156, 0.0304256, 0.0308992, 0.0301742, 0.0291298, 0.030176]"
Brute Force (C++),horse_u-turn_128.txt,15,0.000000,0.000000,0.000000,0.000000,0.000000,0.000000,0.00,"ERROR: RuntimeError: Brute force C++ too expensive: k=15 exceeds the empirically measured max k=4 (nodes=93, edges=294, removable=87) that completes within 210s.",[]
Brute Force (C++),horse_u-turn_128.txt,4,24.113220,24.122352,0.090941,23.968014,24.263735,24.259115,0.38,"(12, {64, 50, 60, 54})","[24.2534669, 24.1596802, 24.2637353, 24.0149839, 24.1089823, 24.1146667, 23.9680144, 24.1105647, 24.1176541, 24.1117733]"
MILP (OR-Tools),horse_u-turn_128.txt,15,0.035507,0.035281,0.000794,0.033979,0.036591,0.036349,2.25,"(78, {2, 3, 4, 5, 6, 39, 72, 75, 47, 83, 21, 56, 91, 30, 31})","[0.033979, 0.0365906, 0.0348946, 0.034552, 0.0356901, 0.0355359, 0.0355537, 0.0344802, 0.036054, 0.0354782]"
Important Separators (C++),horse_u-turn_128.txt,12,26.137020,26.055815,0.373611,25.110083,26.559439,26.412053,1.43,"(65, {2, 39, 72, 10, 76, 47, 17, 21, 56, 91, 30, 31})","[26.1672765, 26.1356775, 26.1383627, 26.2319154, 26.0629582, 26.5594386, 26.0645624, 26.2039167, 25.8839639, 25.1100827]"
Important Separators (C++),horse_arcs_170.txt,10,78.185608,78.130262,1.386642,75.105258,80.472983,80.004046,1.77,"(97, {129, 172, 80, 144, 211, 20, 150, 120, 156, 125})","[78.2036329, 78.1675821, 80.4729832, 79.4309013, 77.438851, 78.1539545, 78.2305595, 78.5320495, 77.5668433, 75.1052578]"
Brute Force (C++),horse_arcs_170.txt,3,100.758298,99.562358,2.686601,95.015771,102.783184,102.231651,2.70,"(19, {144, 123, 150})","[101.2519744, 101.5575558, 102.7831837, 100.8993599, 100.617236, 100.9038338, 100.0964921, 96.5125845, 95.9855862, 95.0157709]"
Important Separators (C++),horse_dots.txt,10,54.507341,55.029722,3.279919,48.955525,59.512493,59.311844,5.96,"(19, {64, 102, 104, 43, 48, 18, 20, 87, 58, 91})","[58.5173733, 59.5124929, 58.9297431, 59.3012834, 58.7554809, 58.5031201, 57.6033116, 56.0236557, 54.0508177, 54.3281662, 55.647334, 53.985974, 53.3045937, 54.6865165, 50.3989262, 53.2670521, 52.8303041, 51.3783648, 48.9555251, 50.6144076]"
Important Separators (C++),horse_u-turn_128.txt,13,43.328210,43.317265,2.445375,39.714511,47.905178,47.692880,5.65,"(67, {2, 3, 39, 72, 11, 76, 47, 18, 21, 56, 91, 30, 31})","[47.6817067, 47.9051782, 46.6698452, 45.8458751, 44.5935212, 42.8084708, 43.077827, 43.6978746, 44.5627038, 43.853287, 43.578594, 43.8745796, 40.5542768, 41.8322208, 42.3156575, 42.8746497, 39.7145113, 40.6999924, 39.9641527, 40.2403738]"
Important Separators (C++),horse_u-turn_128.txt,14,67.351820,68.141107,3.269023,63.656786,74.841823,73.246205,4.80,"(77, {2, 3, 4, 5, 6, 39, 72, 76, 47, 21, 56, 91, 30, 31})","[74.8418225, 73.1622248, 71.2147599, 72.8880245, 72.4330361, 65.9001108, 66.7491419, 68.9210271, 67.012221, 69.531363, 67.691419, 68.3935062, 65.5062344, 66.0286913, 65.882013, 64.156279, 68.1343445, 63.6567859, 64.0329279, 66.6861972]"
Important Separators (C++),horse_u-turn_128.txt,15,99.869950,101.392064,5.318290,94.777917,114.287876,108.759584,5.25,"(78, {2, 3, 4, 5, 6, 39, 72, 75, 47, 83, 21, 56, 91, 30, 31})","[114.2878763, 108.4686212, 106.3500804, 106.4989189, 105.9019467, 105.80474, 101.379814, 102.3824503, 100.5420119, 99.1978875, 105.3520294, 95.1101521, 97.8452419, 99.0764237, 98.9293715, 96.0602686, 94.7779171, 95.0626951, 96.7460104, 98.0668197]"
Important Separators (C++),horse_dots.txt,11,150.778800,153.594883,8.692748,145.585886,175.490638,172.495601,5.66,"(22, {64, 132, 37, 102, 134, 75, 108, 80, 51, 148, 89})","[175.4906384, 172.3379675, 162.2185241, 163.6414435, 158.8433961, 153.2833721, 152.1789727, 151.5054583, 149.6252491, 145.7634535, 148.8507086, 147.2193492, 150.2347447, 147.246396, 145.8232055, 145.585886, 148.0051915, 155.4161738, 151.3228556, 147.304679]"
Important Separators (C++),horse_arcs_170.txt,11,191.059334,187.463259,26.128018,136.863001,239.306337,223.106096,13.94,"(101, {191, 166, 141, 80, 144, 179, 20, 120, 154, 190, 159})","[239.3063366, 222.2534515, 207.6496664, 205.6345855, 201.0968179, 196.3498628, 193.2605443, 193.3825302, 185.6687857, 182.0974365, 188.858123, 186.4113776, 185.9583626, 187.0924177, 196.1410907, 193.4916811, 173.8968005, 136.863001, 136.8821791, 136.9701238]"
